UltraAI Unified Language - Features and Components,,,,,,,
All features with their components and process mapping,,,,,,,
,,,,,,,
=== FEATURE 1: USER AUTHENTICATION ===,,,,,,,
Component,Purpose,Current Status,File Location,Process Stage,Dependencies,Fix Required
JWT Token System,Secure user sessions,ðŸŸ¡ EXISTS,backend/middleware/auth_middleware.py,Pre-Production,fastapi-jwt,None
Demo Mode Access,Public showcase capability,ðŸ”´ MISSING,backend/middleware/auth_middleware.py,Pre-Production,fastapi-jwt,ADD demo bypass
User Database,Store user credentials,ðŸŸ¡ EXISTS,backend/database/models/user.py,Pre-Production,sqlalchemy,Verify production
Login UI,User login interface,ðŸ”´ DISCONNECTED,frontend/src/auth/,Pre-Production,react,Fix API connection
Session Management,Maintain user state,ðŸŸ¡ EXISTS,backend/utils/jwt.py,Pre-Production,fastapi-jwt,None
,,,,,,,
=== FEATURE 2: DOCUMENT PROCESSING ===,,,,,,,
Component,Purpose,Current Status,File Location,Process Stage,Dependencies,Fix Required
File Upload Handler,Accept user documents,ðŸ”´ MIDDLEWARE BROKEN,backend/routes/document_routes.py,Green Room,python-multipart,Fix middleware
Upload Validation,Check file types/sizes,ðŸŸ¡ EXISTS,backend/middleware/validation_middleware.py,Green Room,pydantic,Test thoroughly
File Storage,Store uploaded documents,ðŸŸ¡ EXISTS,backend/services/document_service.py,Green Room,sqlalchemy,Verify production
Upload UI,Drag/drop interface,ðŸ”´ DISCONNECTED,frontend/src/upload/,Green Room,react-dropzone,Fix API connection
Progress Feedback,Show upload status,ðŸ”´ DISCONNECTED,frontend/src/upload/,Green Room,react,Fix API connection
,,,,,,,
=== FEATURE 3: PATTERN SELECTION ===,,,,,,,
Component,Purpose,Current Status,File Location,Process Stage,Dependencies,Fix Required
Pattern Definitions,Define analysis types,ðŸŸ¡ EXISTS,backend/integrations/pattern_orchestrator.py,Input,pydantic,None
Pattern UI Selector,User chooses patterns,ðŸ”´ DISCONNECTED,frontend/src/patterns/,Input,react,Fix API connection
Pattern Validation,Validate user selections,ðŸŸ¡ EXISTS,backend/utils/validation.py,Input,pydantic,None
Pattern Mapping,Map UI to backend patterns,ðŸŸ¡ EXISTS,backend/integrations/pattern_orchestrator_integration.py,Input,none,Verify works
Default Patterns,Fallback if none selected,ðŸŸ¡ EXISTS,backend/integrations/pattern_orchestrator.py,Input,none,None
,,,,,,,
=== FEATURE 4: 4-STAGE FEATHER ORCHESTRATION (CORE IP) ===,,,,,,,
Component,Purpose,Current Status,File Location,Process Stage,Dependencies,Fix Required
Orchestrator Engine,Core 4-stage logic,ðŸŸ¡ EXISTS,backend/integrations/pattern_orchestrator.py,Compute,openai anthropic google,Verify all models work
Stage Progression,Initialâ†’Metaâ†’Hyperâ†’Ultra,ðŸŸ¡ EXISTS,backend/integrations/pattern_orchestrator.py,Compute,none,Test end-to-end
LLM Coordination,Send to multiple models,ðŸŸ¡ EXISTS,backend/services/llm_config_service.py,Compute,httpx asyncio,Verify API keys
Quality Evaluation,Score and rank responses,ðŸŸ¡ EXISTS,backend/models/enhanced_orchestrator.py,Compute,pydantic,Test scoring logic
Progress Tracking,Track stage completion,ðŸŸ¡ EXISTS,backend/routes/orchestrator_routes.py,Compute,fastapi,None
Orchestrator API,HTTP endpoints for access,ðŸ”´ AUTH BLOCKED,backend/routes/orchestrator_routes.py,Compute,fastapi,Enable demo access
,,,,,,,
=== FEATURE 5: MULTI-LLM INTEGRATION ===,,,,,,,
Component,Purpose,Current Status,File Location,Process Stage,Dependencies,Fix Required
OpenAI Client,GPT model access,ðŸŸ¡ EXISTS,backend/services/llm_config_service.py,Compute,openai,Verify API key
Anthropic Client,Claude model access,ðŸŸ¡ EXISTS,backend/services/llm_config_service.py,Compute,anthropic,Verify API key
Google Client,Gemini model access,ðŸŸ¡ EXISTS,backend/services/llm_config_service.py,Compute,google-generativeai,Verify API key
Model Selection UI,User picks models,ðŸ”´ DISCONNECTED,frontend/src/models/,Compute,react,Fix API connection
Health Monitoring,Check model availability,ðŸŸ¡ PARTIAL,backend/routes/health_routes.py,Compute,httpx,Fix some endpoints
Fallback Logic,Handle model failures,ðŸŸ¡ EXISTS,backend/services/llm_fallback_service.py,Compute,none,Test scenarios
,,,,,,,
=== FEATURE 6: REAL-TIME ANALYSIS ===,,,,,,,
Component,Purpose,Current Status,File Location,Process Stage,Dependencies,Fix Required
WebSocket Handler,Real-time communication,ðŸ”´ MISSING,backend/routes/ (missing),Compute,websockets,BUILD from scratch
Progress Updates,Live stage updates,ðŸ”´ MISSING,frontend/src/progress/,Compute,react websockets,BUILD after backend
Error Streaming,Real-time error reports,ðŸ”´ MISSING,backend/utils/ (missing),Compute,websockets,BUILD from scratch
Status Broadcasting,System-wide status,ðŸ”´ MISSING,backend/services/ (missing),Compute,websockets,BUILD from scratch
Connection Management,Handle client connections,ðŸ”´ MISSING,backend/middleware/ (missing),Compute,websockets,BUILD from scratch
,,,,,,,
=== FEATURE 7: RESULT DELIVERY ===,,,,,,,
Component,Purpose,Current Status,File Location,Process Stage,Dependencies,Fix Required
Result Formatting,Structure output data,ðŸŸ¡ EXISTS,backend/services/analysis_service.py,Output,pydantic,None
Result Storage,Save analysis results,ðŸŸ¡ EXISTS,backend/database/models/analysis.py,Output,sqlalchemy,Verify production
Result Display UI,Show formatted results,ðŸ”´ DISCONNECTED,frontend/src/results/,Output,react-markdown,Fix API connection
Export Functions,Download/share results,ðŸ”´ MISSING,frontend/src/export/,Output,react,BUILD after connection
Result Caching,Cache for performance,ðŸŸ¡ PARTIAL,backend/services/cache_service.py,Output,redis,Configure Redis
History Tracking,Track user analyses,ðŸŸ¡ EXISTS,backend/database/models/analysis.py,Output,sqlalchemy,None
,,,,,,,
=== FEATURE 8: SYSTEM INFRASTRUCTURE ===,,,,,,,
Component,Purpose,Current Status,File Location,Process Stage,Dependencies,Fix Required
API Middleware,Handle all requests,ðŸ”´ COMPLETELY BROKEN,backend/app.py,All Stages,starlette fastapi,FIX IMMEDIATELY
CORS Configuration,Cross-origin requests,ðŸŸ¡ EXISTS,backend/config_cors.py,All Stages,fastapi-cors,None
Security Headers,CSP and security,ðŸ”´ DISABLED,backend/config_security.py,All Stages,fastapi-security,Re-enable properly
Error Handling,Global error management,ðŸŸ¡ PARTIAL,backend/utils/error_handler.py,All Stages,fastapi,Test edge cases
Health Monitoring,System status checks,ðŸŸ¡ PARTIAL,backend/routes/health_routes.py,All Stages,prometheus,Fix broken endpoints
Database Connection,Data persistence,ðŸŸ¡ EXISTS,backend/database/connection.py,All Stages,sqlalchemy,Verify production
,,,,,,,
=== FEATURE 9: DEPLOYMENT SYSTEM ===,,,,,,,
Component,Purpose,Current Status,File Location,Process Stage,Dependencies,Fix Required
Production App,Main entry point,ðŸŸ¡ EXISTS,app_production.py,Pre-Production,none,None
Backend Deployment,Render configuration,ðŸ”´ NO CONFIG FILE,render.yaml (MISSING),Pre-Production,render,CREATE config file
Frontend Deployment,Vercel configuration,ðŸ”´ WRONG API URL,frontend/vercel.json,Pre-Production,vercel,UPDATE API URL
Environment Config,Production variables,ðŸŸ¡ PARTIAL,backend/config.py,Pre-Production,none,Verify all vars set
Monitoring Setup,Production monitoring,ðŸ”´ MISSING,backend/utils/ (missing),Pre-Production,prometheus,BUILD monitoring
Log Management,Log rotation and storage,ðŸ”´ NO ROTATION,backend/utils/logging_config.py,Pre-Production,none,ADD rotation
,,,,,,,
=== PROCESS STAGE MAPPING ===,,,,,,,
Process Stage,Features Using This Stage,Critical Components,Current Blocker,
Pre-Production,User Authentication + Deployment System,auth_middleware.py + vercel.json,ðŸ”´ No demo mode + wrong API URL
Green Room,Document Processing,document_routes.py + upload UI,ðŸ”´ Middleware broken + UI disconnected
Input,Pattern Selection,pattern_orchestrator.py + pattern UI,ðŸ”´ UI disconnected from backend
Compute,4-Stage Orchestration + Multi-LLM + Real-time,orchestrator_routes.py + LLM clients,ðŸ”´ Auth blocking + middleware broken
Output,Result Delivery,analysis_service.py + results UI,ðŸ”´ UI disconnected from backend
,,,,,,,
=== CRITICAL PATH ANALYSIS ===,,,,,,,
Fix Order,Component to Fix,Unlocks Which Features,Time Required,Impact
1,API Middleware (backend/app.py),ALL FEATURES,4 hours,ðŸ”´ CRITICAL - Nothing works without this
2,Demo Auth (auth_middleware.py),User Authentication + 4-Stage Orchestration,2 hours,ðŸ”´ CRITICAL - Unlocks core IP
3,Frontend API URL (vercel.json),ALL USER-FACING FEATURES,30 minutes,ðŸ”´ CRITICAL - Connects UI to backend
4,Security Headers (config_security.py),Deployment System,2 hours,ðŸŸ¡ HIGH - Production readiness
5,Health Endpoints (health_routes.py),System Infrastructure,1 hour,ðŸŸ¡ MEDIUM - Monitoring
6,Redis Config (cache_service.py),Result Delivery optimization,1 hour,ðŸŸ¡ LOW - Performance
,,,,,,,
TOTAL TIME TO OPERATIONAL: 9.5 hours,Unlocks: All existing features,Dependencies: Fix in order,Impact: Full system functional