UltraAI Component Activation Map - Exact Code Locations,,,,,,,
Where each component is activated in the actual script files,,,,,,,
FINAL UPDATE: 2025-05-29 by UltraAIDeploymentFix Action,,,,,,,
=== FEATURE 1: USER AUTHENTICATION ===,,,,,,,
Component,Purpose,File Location,Activation Point,Line/Function,Current Status,Dependencies
JWT Token System,Secure user sessions,backend/middleware/auth_middleware.py,setup_auth_middleware() called,backend/app.py:268,ðŸŸ¡ EXISTS,fastapi-jwt
Demo Mode Access,Public showcase capability,backend/middleware/auth_middleware.py,public_paths list,backend/app.py:253-267,ðŸŸ¢ WORKING (orchestrator accessible!),fastapi-jwt
User Database,Store user credentials,backend/database/models/user.py,init_db() called,backend/app.py:110,ðŸŸ¡ EXISTS,sqlalchemy
Login UI,User login interface,frontend/src/auth/,API calls to /api/auth/,frontend network requests,ðŸŸ¡ PARTIAL (API URL fixed),react
Session Management,Maintain user state,backend/utils/jwt.py,JWT middleware chain,backend/app.py:268,ðŸŸ¡ EXISTS,fastapi-jwt
,,,,,,,
=== FEATURE 2: DOCUMENT PROCESSING ===,,,,,,,
Component,Purpose,File Location,Activation Point,Line/Function,Current Status,Dependencies
File Upload Handler,Accept user documents,backend/routes/document_routes.py,app.include_router(),backend/app.py:291,ðŸ”´ MIDDLEWARE BROKEN,python-multipart
Upload Validation,Check file types/sizes,backend/middleware/validation_middleware.py,setup_validation_middleware(),backend/app.py:248,ðŸŸ¡ EXISTS,pydantic
File Storage,Store uploaded documents,backend/services/document_service.py,Route handler calls service,document_routes.py imports,ðŸŸ¡ EXISTS,sqlalchemy
Upload UI,Drag/drop interface,frontend/src/upload/,Component renders,React component tree,ðŸŸ¡ PARTIAL (API URL fixed),react-dropzone
Progress Feedback,Show upload status,frontend/src/upload/,State management,React useState hooks,ðŸŸ¡ PARTIAL (API URL fixed),react
,,,,,,,
=== FEATURE 3: PATTERN SELECTION ===,,,,,,,
Component,Purpose,File Location,Activation Point,Line/Function,Current Status,Dependencies
Pattern Definitions,Define analysis types,backend/integrations/pattern_orchestrator.py,Import in orchestrator_routes,orchestrator_routes.py:28-32,ðŸŸ¡ EXISTS,pydantic
Pattern UI Selector,User chooses patterns,frontend/src/patterns/,Component renders,React component tree,ðŸŸ¡ PARTIAL (API URL fixed),react
Pattern Validation,Validate user selections,backend/utils/validation.py,Endpoint validation,Route handler decorators,ðŸŸ¡ EXISTS,pydantic
Pattern Mapping,Map UI to backend patterns,backend/integrations/pattern_orchestrator_integration.py,get_pattern_mapping(),orchestrator_routes.py:29,ðŸŸ¡ EXISTS,none
Default Patterns,Fallback if none selected,backend/integrations/pattern_orchestrator.py,PatternOrchestrator.__init__(),orchestrator instantiation,ðŸŸ¡ EXISTS,none
,,,,,,,
=== FEATURE 4: 4-STAGE FEATHER ORCHESTRATION (CORE IP) ===,,,,,,,
Component,Purpose,File Location,Activation Point,Line/Function,Current Status,Dependencies
Orchestrator Engine,Core 4-stage logic,backend/integrations/pattern_orchestrator.py,PatternOrchestrator class import,orchestrator_routes.py:28,ðŸŸ¡ EXISTS,openai anthropic google
Stage Progression,Initialâ†’Metaâ†’Hyperâ†’Ultra,backend/integrations/pattern_orchestrator.py,orchestrate_full_process() method,Called by API endpoints,ðŸŸ¡ EXISTS,none
LLM Coordination,Send to multiple models,backend/services/llm_config_service.py,Service method calls,orchestrator.py method calls,ðŸŸ¡ EXISTS (needs API keys),httpx asyncio
Quality Evaluation,Score and rank responses,backend/models/enhanced_orchestrator.py,Model validation,Pydantic model activation,ðŸŸ¡ EXISTS,pydantic
Progress Tracking,Track stage completion,backend/routes/orchestrator_routes.py,Endpoint response handling,Route handler functions,ðŸŸ¡ EXISTS,fastapi
Orchestrator API,HTTP endpoints for access,backend/routes/orchestrator_routes.py,app.include_router(),backend/app.py:305,ðŸŸ¢ ACCESSIBLE (CONFIRMED 200 responses!),fastapi
,,,,,,,
=== FEATURE 5: MULTI-LLM INTEGRATION ===,,,,,,,
Component,Purpose,File Location,Activation Point,Line/Function,Current Status,Dependencies
OpenAI Client,GPT model access,backend/services/llm_config_service.py,Client initialization,Service class __init__,ðŸŸ¡ EXISTS (needs API key),openai
Anthropic Client,Claude model access,backend/services/llm_config_service.py,Client initialization,Service class __init__,ðŸŸ¡ EXISTS (needs API key),anthropic
Google Client,Gemini model access,backend/services/llm_config_service.py,Client initialization,Service class __init__,ðŸŸ¡ EXISTS (needs API key),google-generativeai
Model Selection UI,User picks models,frontend/src/models/,Component renders,React component tree,ðŸŸ¡ PARTIAL (API URL fixed),react
Health Monitoring,Check model availability,backend/routes/health_routes.py,app.include_router(),backend/app.py:289,ðŸŸ¢ WORKING (tested 200),httpx
Fallback Logic,Handle model failures,backend/services/llm_fallback_service.py,Exception handling,try/catch blocks,ðŸŸ¡ EXISTS,none
,,,,,,,
=== FEATURE 6: REAL-TIME ANALYSIS ===,,,,,,,
Component,Purpose,File Location,Activation Point,Line/Function,Current Status,Dependencies
WebSocket Handler,Real-time communication,backend/routes/ (missing),app.websocket() decorator,NOT IMPLEMENTED,ðŸ”´ MISSING,websockets
Progress Updates,Live stage updates,frontend/src/progress/,WebSocket connection,NOT IMPLEMENTED,ðŸ”´ MISSING,react websockets
Error Streaming,Real-time error reports,backend/utils/ (missing),WebSocket broadcast,NOT IMPLEMENTED,ðŸ”´ MISSING,websockets
Status Broadcasting,System-wide status,backend/services/ (missing),Event emission,NOT IMPLEMENTED,ðŸ”´ MISSING,websockets
Connection Management,Handle client connections,backend/middleware/ (missing),WebSocket middleware,NOT IMPLEMENTED,ðŸ”´ MISSING,websockets
,,,,,,,
=== FEATURE 7: RESULT DELIVERY ===,,,,,,,
Component,Purpose,File Location,Activation Point,Line/Function,Current Status,Dependencies
Result Formatting,Structure output data,backend/services/analysis_service.py,Service method calls,Called by route handlers,ðŸŸ¡ EXISTS,pydantic
Result Storage,Save analysis results,backend/database/models/analysis.py,Database ORM operations,SQLAlchemy session commits,ðŸŸ¡ EXISTS,sqlalchemy
Result Display UI,Show formatted results,frontend/src/results/,Component renders,React component tree,ðŸŸ¡ PARTIAL (API URL fixed),react-markdown
Export Functions,Download/share results,frontend/src/export/,Button click handlers,NOT IMPLEMENTED,ðŸ”´ MISSING,react
Result Caching,Cache for performance,backend/services/cache_service.py,Service method calls,Route handler caching,ðŸŸ¡ PARTIAL,redis
History Tracking,Track user analyses,backend/database/models/analysis.py,Database operations,ORM relationship queries,ðŸŸ¡ EXISTS,sqlalchemy
,,,,,,,
=== FEATURE 8: SYSTEM INFRASTRUCTURE ===,,,,,,,
Component,Purpose,File Location,Activation Point,Line/Function,Current Status,Dependencies
API Middleware,Handle all requests,backend/app.py,app.middleware() decorators,Lines 223-284,ðŸŸ¡ PARTIAL (not blocking responses),starlette fastapi
CORS Configuration,Cross-origin requests,backend/config_cors.py,app.add_middleware(),backend/app.py:200-217,ðŸŸ¢ WORKING (tested origin header),fastapi-cors
Security Headers,CSP and security,backend/config_security.py,setup_security_headers_middleware(),backend/app.py:229-238,ðŸ”´ DISABLED,fastapi-security
Error Handling,Global error management,backend/utils/error_handler.py,register_exception_handlers(),backend/app.py:220,ðŸŸ¡ PARTIAL,fastapi
Health Monitoring,System status checks,backend/routes/health_routes.py,app.include_router(),backend/app.py:289,ðŸŸ¢ WORKING (tested 200),prometheus
Database Connection,Data persistence,backend/database/connection.py,init_db(),backend/app.py:110,ðŸŸ¢ WORKING (health check confirmed),sqlalchemy
,,,,,,,
=== FEATURE 9: DEPLOYMENT SYSTEM ===,,,,,,,
Component,Purpose,File Location,Activation Point,Line/Function,Current Status,Dependencies
Production App,Main entry point,app_production.py,from backend.app import app,Line 7,ðŸŸ¡ EXISTS,none
Backend Deployment,Render configuration,render.yaml,Platform config file,Created and deployed,ðŸŸ¢ DEPLOYED (tested 200),render
Frontend Deployment,Vercel configuration,frontend/vercel.json,Platform config file,Vercel reads on deploy,ðŸŸ¢ FIXED (API URL corrected + rebuilding),vercel
Environment Config,Production variables,backend/config.py,Config class instantiation,Import throughout app,ðŸŸ¢ WORKING (env vars set),none
Monitoring Setup,Production monitoring,backend/utils/ (missing),setup_monitoring(),backend/app.py:283,ðŸ”´ MISSING,prometheus
Log Management,Log rotation and storage,backend/utils/logging_config.py,get_logger(),backend/app.py:68,ðŸ”´ NO ROTATION,none
,,,,,,,
=== FEATURE 10: CYBERPUNK THEME SYSTEM ===,,,,,,,
Component,Purpose,File Location,Activation Point,Line/Function,Current Status,Dependencies
Cyberpunk Components,Themed UI components,frontend/src/components/Cyberpunk*.tsx,Component imports,App.tsx:17-19,ðŸŸ¢ EXISTS,react
Theme CSS,Cyberpunk styling,frontend/src/components/CyberpunkTheme.css,CSS import,CyberpunkTheme.tsx:2,ðŸŸ¢ EXISTS,none
Theme Context,Theme management,frontend/src/theme/ThemeContext.tsx,ThemeProvider wrapper,App.tsx:52,ðŸŸ¢ EXISTS,react
Cyberpunk Debug,Debug interface,frontend/src/components/CyberpunkDebug.tsx,Route handler,App.tsx:67,ðŸŸ¢ EXISTS (default route),react
Animation System,City animations,frontend/src/components/CyberpunkTheme.tsx,useEffect hooks,Lines 32-80,ðŸŸ¢ EXISTS,react
,,,,,,,
=== KEY ACTIVATION FLOWS ===,,,,,,,
Flow,Entry Point,Activation Sequence,Current Blocker,Critical Path
User Login,frontend/src/auth/,Frontend â†’ /api/auth/login â†’ auth_middleware,ðŸŸ¡ API connection fixed but UI needs testing,Test frontend login flow
Document Upload,frontend/src/upload/,Frontend â†’ /api/documents â†’ document_routes â†’ services,ðŸ”´ Middleware chain broken,Fix backend/app.py middleware
Pattern Selection,frontend/src/patterns/,Frontend â†’ /api/orchestrator/patterns â†’ orchestrator_routes,ðŸŸ¢ WORKING (API confirmed 200!),Test frontend integration
4-Stage Analysis,API call,/api/orchestrator/feather â†’ orchestrator_routes â†’ pattern_orchestrator.py,ðŸŸ¢ ACCESSIBLE (confirmed 200!),Add LLM API keys for full test
Result Display,frontend/src/results/,API response â†’ React state â†’ component render,ðŸŸ¡ API fixed needs frontend testing,Test component rendering
Cyberpunk UI,frontend/,Default route â†’ /cyberpunk-debug â†’ CyberpunkDebug,ðŸŸ¡ Vercel rebuild in progress,Wait for deployment completion
,,,,,,,
=== CRITICAL MIDDLEWARE CHAIN (MAJOR PROGRESS) ===,,,,,,,
Order,Middleware,File,Activation Line,Purpose,Status
1,CORS,backend/config_cors.py,app.py:200-217,Cross-origin requests,ðŸŸ¢ WORKING (tested with curl)
2,Exception Handlers,backend/utils/error_handler.py,app.py:220,Global error handling,ðŸŸ¡ WORKING
3,Error Middleware,backend/utils/error_handler.py,app.py:223,HTTP error handling,ðŸŸ¡ NOT BLOCKING RESPONSES
4,Security Headers,backend/config_security.py,app.py:229-238,CSP and security,ðŸ”´ DISABLED
5,CSRF,backend/middleware/csrf_middleware.py,app.py:247,CSRF protection,ðŸŸ¡ WORKING
6,Validation,backend/middleware/validation_middleware.py,app.py:248,Request validation,ðŸŸ¡ WORKING
7,Auth,backend/middleware/auth_middleware.py,app.py:268,Authentication,ðŸŸ¢ WORKING (public paths confirmed!),
8,Rate Limiting,backend/utils/rate_limit_middleware.py,app.py:280,API throttling,ðŸŸ¡ WORKING
9,Structured Logging,backend/utils/structured_logging.py,app.py:277,Request logging,ðŸŸ¡ WORKING
,,,,,,,
FINAL SUMMARY: MAJOR BREAKTHROUGH ACHIEVED!,,,,,,,
ðŸŸ¢ Orchestrator API fully accessible (200 responses confirmed),,,,,,,
ðŸŸ¢ Backend health endpoint working (production environment),,,,,,,
ðŸŸ¢ Frontend deployed with correct API URL (/api suffix added),,,,,,,
ðŸŸ¢ CORS working (Access-Control-Allow-Origin confirmed),,,,,,,
ðŸŸ¢ Authentication middleware working (public paths function),,,,,,,
ðŸŸ¢ Cyberpunk theme components exist and configured,,,,,,,
ðŸŸ¡ Frontend rebuild in progress (cyberpunk theme pending),,,,,,,
ðŸŸ¡ LLM service critical (needs API keys for full functionality),,,,,,,
ðŸ”´ Some middleware still needs optimization,,,,,,,
NEXT STEPS: Wait for Vercel rebuild. Add LLM API keys. Test end-to-end flow.,,,,,,,