1UltraAI Comprehensive System Analysis,,,,,,,,,,,
Generated from backend audit and operational assessment,,,,,,,,,,,
,,,,,,,,,,,
=== OPERATIONAL READINESS MATRIX ===,,,,,,,,,,,
Component,Sub-Component,Current Status,Blocker,Required For,Days to Fix,Priority,Implementation File,Dependencies,Critical Path,Demo Blocking
Core Engine,Pattern Orchestrator,ðŸŸ¡ EXISTS but INACCESSIBLE,Authentication blocks demo,Showcase core IP,1,CRITICAL,backend/routes/orchestrator_routes.py,fastapi pydantic,YES,YES
Core Engine,4-Stage Feather Analysis,ðŸŸ¡ EXISTS but UNTESTED,Middleware chain broken,All sophisticated analysis,2,CRITICAL,backend/integrations/pattern_orchestrator.py,openai anthropic google,YES,YES
Core Engine,Multi-LLM Coordination,ðŸŸ¡ EXISTS but UNVERIFIED,API endpoint failures,Quality orchestration,1,HIGH,backend/services/llm_config_service.py,httpx asyncio,YES,YES
Core Engine,Quality Evaluation,ðŸŸ¡ EXISTS,Dependent on orchestrator,Result scoring,0.5,HIGH,backend/models/enhanced_orchestrator.py,pydantic,NO,NO
Access Layer,Frontend Interface,ðŸ”´ DEPLOYED but BROKEN,Wrong API URL config,User interaction,0.5,CRITICAL,frontend/vercel.json,react vite,YES,YES
Access Layer,Authentication System,ðŸ”´ BLOCKING DEMO,No demo/public mode,Feature access,1,CRITICAL,backend/middleware/auth_middleware.py,fastapi-jwt,YES,YES
Access Layer,Document Upload,ðŸŸ¡ EXISTS,Middleware issues,File processing,1,MEDIUM,backend/routes/document_routes.py,python-multipart,NO,NO
Infrastructure,API Middleware,ðŸ”´ COMPLETELY BROKEN,Response chain failure,All API endpoints,2,CRITICAL,backend/app.py,starlette fastapi,YES,YES
Infrastructure,Database Layer,ðŸŸ¡ EXISTS,Production unverified,Data persistence,1,MEDIUM,backend/database/,sqlalchemy alembic,NO,NO
Infrastructure,Security Headers,ðŸ”´ DISABLED,CSP configuration,Production deployment,1,HIGH,backend/config_security.py,fastapi-security,NO,NO
Infrastructure,Health Monitoring,ðŸŸ¡ PARTIAL,Some endpoints broken,System reliability,0.5,MEDIUM,backend/routes/health_routes.py,prometheus,NO,NO
Infrastructure,Error Handling,ðŸŸ¡ EXISTS,Global handler issues,User experience,1,MEDIUM,backend/utils/error_handler.py,fastapi,NO,NO
,,,,,,,,,,,
=== DEMO READINESS CRITICAL PATH ===,,,,,,,,,,,
Step,Action Required,Current State,Blocker,Estimated Time,Success Criteria,Owner,Dependencies,Files to Modify,
1,Fix Middleware Chain,ðŸ”´ BROKEN,Starlette response handling,4 hours,All endpoints respond,DevOps,starlette fastapi,backend/app.py backend/middleware/,
2,Fix Frontend API URL,ðŸ”´ WRONG CONFIG,Points to old Vercel URL,30 minutes,Frontend connects to backend,DevOps,none,frontend/vercel.json,
3,Enable Demo Auth Mode,ðŸ”´ BLOCKING,No public/demo access,2 hours,Public can access orchestrator,Backend,fastapi-jwt,backend/middleware/auth_middleware.py,
4,Verify Orchestrator Works,ðŸŸ¡ UNTESTED,Dependent on steps 1-3,1 hour,4-stage analysis completes,QA,all LLM APIs,backend/routes/orchestrator_routes.py,
5,Re-enable Security,ðŸ”´ DISABLED,CSP blocking resources,2 hours,Security enabled without breaking,Security,fastapi-security,backend/config_security.py,
TOTAL TIME TO DEMO,,,,9.5 hours,System operational for demo,,,
,,,,,,,,,,,
=== IMPLEMENTATION FLOW ANALYSIS ===,,,,,,,,,,,
Phase,Component,Needed From User,Needed From LLMs,Provided to User,Provided to LLMs,Implementation Via,Dependencies,Current Status
Pre Production,Security,JWT tokens/API keys,Model API keys,Authentication status,Secure model access,backend/middleware/auth_middleware.py,fastapi-jwt bcrypt,ðŸ”´ Blocks demo access
,Database,User credentials,Model configurations,User profiles,Model preferences,backend/database/models/user.py,sqlalchemy alembic,ðŸŸ¡ Exists but unverified
,Resource Management,Deployment configs,Model quotas,Service status,Rate limits,backend/config*.py,uvicorn gunicorn,ðŸ”´ Multiple config conflicts  
,Testing/Monitoring,Test requests,Health pings,System status,Model availability,backend/routes/health_routes.py,pytest prometheus,ðŸŸ¡ Partial - some endpoints broken
,User Experience,Login/signup flow,N/A,Dashboard access,N/A,frontend/ (React),react vite,ðŸ”´ Cannot connect to backend
,,,,,,,,,
Green Room,Security,Document uploads,N/A,File validation status,N/A,backend/middleware/validation_middleware.py,python-multipart,ðŸŸ¡ Exists but middleware broken
,Database,Files and metadata,N/A,Storage confirmation,N/A,backend/services/document_service.py,sqlalchemy,ðŸŸ¡ Exists but untested
,Resource Management,File size limits,N/A,Upload progress,N/A,backend/utils/validation.py,fastapi-uploads,ðŸŸ¡ Exists but needs testing
,Testing/Monitoring,Upload tests,N/A,Success/failure status,N/A,backend/tests/test_document_upload.py,pytest,ðŸŸ¡ Tests exist but not run
,User Experience,Drag/drop interface,N/A,Upload feedback,N/A,frontend/src/components,react-dropzone,ðŸ”´ Frontend disconnected
,,,,,,,,,
Input Processing,Security,Sanitized prompts,N/A,Clean validated input,N/A,backend/utils/validation.py,pydantic,ðŸŸ¡ Exists but middleware issues
,Database,User requests,N/A,Request history,N/A,backend/database/models/analysis.py,sqlalchemy,ðŸŸ¡ Exists but unverified
,Resource Management,Request queuing,N/A,Processing status,N/A,backend/resilience/queue.py,celery redis,ðŸŸ¡ Exists but not configured
,Testing/Monitoring,Input validation,N/A,Error handling,N/A,backend/tests/test_analyze_endpoint.py,pytest,ðŸŸ¡ Tests exist
,User Experience,Text input forms,N/A,Real-time feedback,N/A,frontend/src/components,react-forms,ðŸ”´ Frontend disconnected
,,,,,,,,,
Core Compute,Security,Auth tokens,API credentials,Encrypted requests,Secure API responses,backend/integrations/pattern_orchestrator.py,httpx cryptography,ðŸŸ¡ Exists but auth blocks access
,Database,Analysis configs,Model responses,Processing logs,Response cache,backend/database/models/analysis.py,sqlalchemy redis,ðŸŸ¡ Exists but unverified
,Resource Management,Model selection,LLM capacity,Orchestration results,Multi-model coordination,backend/routes/orchestrator_routes.py,openai anthropic google,ðŸŸ¡ EXISTS - Core IP here
,Testing/Monitoring,E2E tests,Model health checks,Performance metrics,Quality scores,backend/tests/test_e2e_analysis_flow.py,pytest prometheus,ðŸŸ¡ Tests exist but not run
,User Experience,Progress indicators,N/A,Real-time updates,N/A,frontend/src/orchestrator,react-websockets,ðŸ”´ Frontend cannot access
,,,,,,,,,
Output Delivery,Security,Result validation,N/A,Sanitized output,N/A,backend/utils/validation.py,bleach,ðŸŸ¡ Exists
,Database,Formatted results,Response storage,Result history,Cached responses,backend/database/models/analysis.py,sqlalchemy,ðŸŸ¡ Exists but unverified
,Resource Management,Result processing,N/A,Delivery optimization,N/A,backend/services/analysis_service.py,fastapi-streaming,ðŸŸ¡ Exists
,Testing/Monitoring,Output validation,N/A,Quality assurance,N/A,backend/tests/test_analysis_config_validation.py,pytest,ðŸŸ¡ Tests exist
,User Experience,Rich result displays,N/A,Interactive results,N/A,frontend/src/results,react-markdown,ðŸ”´ Frontend disconnected
,,,,,,,,,
=== PATENT-PROTECTED FEATURES STATUS ===,,,,,,,,,,,
Feature,Description,Implementation Status,Accessibility,Demo Ready,Business Value,Technical Debt,
4-Stage Feather Analysis,Initialâ†’Metaâ†’Hyperâ†’Ultra progression,ðŸŸ¡ EXISTS in backend/integrations/,ðŸ”´ BLOCKED by auth,NO,ðŸŸ¢ HIGH - Core differentiator,ðŸ”´ Authentication blocking
Multi-LLM Orchestration,Coordinate OpenAI/Claude/Gemini/etc,ðŸŸ¡ EXISTS in orchestrator_routes,ðŸ”´ BLOCKED by middleware,NO,ðŸŸ¢ HIGH - Quality advantage,ðŸ”´ Middleware chain broken
Pattern Selection System,gut/confidence/critique/etc patterns,ðŸŸ¡ EXISTS in pattern_orchestrator,ðŸ”´ BLOCKED by auth,NO,ðŸŸ¢ MEDIUM - User control,ðŸ”´ No demo mode
Quality Evaluation Engine,Automated analysis scoring,ðŸŸ¡ EXISTS in enhanced_orchestrator,ðŸ”´ BLOCKED by dependencies,NO,ðŸŸ¢ MEDIUM - Trust building,ðŸ”´ Dependent on orchestrator
Real-time Progress Updates,Live analysis feedback,ðŸŸ¡ EXISTS in frontend,ðŸ”´ BLOCKED by API disconnect,NO,ðŸŸ¢ LOW - UX enhancement,ðŸ”´ Frontend API mismatch
Result Caching System,Performance optimization,ðŸŸ¡ EXISTS in database models,ðŸŸ¡ PARTIAL implementation,PARTIAL,ðŸŸ¢ MEDIUM - Performance,ðŸŸ¡ Redis not configured
,,,,,,,,,
=== IMMEDIATE ACTION PLAN ===,,,,,,,,,,,
Priority,Action,Time Required,Dependencies,Success Metric,Business Impact,
CRITICAL,Fix middleware response chain,4 hours,starlette debugging,All API endpoints respond,Enables all functionality
CRITICAL,Update frontend API URL,30 minutes,vercel configuration,Frontend connects to backend,Enables user interface  
CRITICAL,Create demo authentication mode,2 hours,JWT configuration,Public access to orchestrator,Showcases core IP
HIGH,Re-enable security properly,2 hours,CSP configuration,Security without blocking,Production readiness
HIGH,Verify orchestrator end-to-end,1 hour,All above fixes,Complete 4-stage analysis,Validates core value prop
MEDIUM,Test document upload flow,1 hour,Middleware fixes,File processing works,Enables full workflow
MEDIUM,Configure production database,2 hours,Database verification,Persistent data storage,Production scaling
LOW,Set up monitoring dashboard,4 hours,Prometheus setup,System observability,Operational excellence
,,,,,,,
TOTAL CRITICAL PATH: 9.5 hours to operational demo,,,,,