,,,,,
label.tsx,304,script,ModelSelectionStep.tsx:2,179 B,16 ms
checkbox.tsx,304,script,ModelSelectionStep.tsx:3,179 B,16 ms
progress.tsx,304,script,DocumentStep.tsx:5,179 B,15 ms
chunk-MZJO7N7V.js,200,script,init-OQBBM3IP.js:1,4.3 kB,14 ms
chunk-FJMP4XPS.js,200,script,init-OQBBM3IP.js:1,149 kB,17 ms
chunk-QEP7SRH7.js,200,script,init-OQBBM3IP.js:1,34.6 kB,14 ms
chunk-OFYWCEWM.js,200,script,init-OQBBM3IP.js:1,370 B,15 ms
chunk-CVF2X5Y4.js,200,script,init-OQBBM3IP.js:1,586 B,15 ms
chunk-UPOJKPU4.js,200,script,init-LCCYJZVE.js:1,481 B,14 ms
chunk-FEYPXFJ6.js,200,script,init-LCCYJZVE.js:1,673 B,15 ms
chunk-Z4JSAUZD.js,200,script,init-BI4RLY4C.js:1,56.4 kB,15 ms
chunk-PBN5LLAA.js,200,script,init-BI4RLY4C.js:1,49.7 kB,15 ms
chunk-MADPDA6U.js,200,script,init-BI4RLY4C.js:1,28.0 kB,14 ms
multiplatform-sdk-5RH3NQKF.js,200,script,chunk-6VFX2JNU.js:1,171 B,13 ms
textarea.tsx,304,script,PromptStep.tsx:3,179 B,12 ms
api.ts,304,script,useAnalysisConfig.ts:2,179 B,12 ms
18.js,200,script,module_async_frame.js:1,1.9 MB,12 ms
diagnostic-2OGA2A7B.js,200,script,chunk-6VFX2JNU.js:1,350 B,37 ms
axios.js?v=bebba618,200,script,api.ts:1,(disk cache),2 ms
311.js,200,script,module_async_frame.js:1,379 kB,46 ms
385.js,200,script,module_async_frame.js:1,348 kB,9 ms
adapters-A53YKHAM.js,200,script,chunk-6VFX2JNU.js:1,342 B,27 ms
139.js,200,script,module_async_frame.js:1,44.4 kB,11 ms
796.js,200,script,module_async_frame.js:1,475 kB,7 ms
5.js,200,script,module_async_frame.js:1,250 kB,16 ms
144.js,200,script,module_async_frame.js:1,169 kB,4 ms
frame.js,200,script,module_async_frame.js:1,923 kB,2 ms
util-NVDJ5VUM.js,200,script,chunk-O77QQVYU.js:31,130 B,3 ms
hwrRule.common.chunk.js,200,script,Grammarly.js:2,3.1 kB,1 ms
3136.vendors.chunk.js,200,script,Grammarly.js:2,22.5 kB,5 ms
2806.vendors.chunk.js,200,script,Grammarly.js:2,4.8 kB,2 ms
7118.vendors.chunk.js,200,script,Grammarly.js:2,10.3 kB,2 ms
5672.vendors.chunk.js,200,script,Grammarly.js:2,49.3 kB,2 ms
5876.vendors.chunk.js,200,script,Grammarly.js:2,15.6 kB,3 ms
2492.vendors.chunk.js,200,script,Grammarly.js:2,10.9 kB,4 ms
7716.vendors.chunk.js,200,script,Grammarly.js:2,68.0 kB,3 ms
humanWritingReport.common.chunk.js,200,script,Grammarly.js:2,115 kB,